[{"name":"shazamkit","description":null,"location":"index.html","searchKeys":["shazamkit"]},{"name":"com.shazam.shazamkit","description":null,"location":"shazamkit/com.shazam.shazamkit/index.html","searchKeys":["com.shazam.shazamkit"]},{"name":"AudioSampleRateInHz","description":null,"location":"shazamkit/com.shazam.shazamkit/-audio-sample-rate-in-hz/index.html","searchKeys":["AudioSampleRateInHz"]},{"name":"SAMPLE_RATE_16000","description":null,"location":"shazamkit/com.shazam.shazamkit/-audio-sample-rate-in-hz/-s-a-m-p-l-e_-r-a-t-e_16000/index.html","searchKeys":["SAMPLE_RATE_16000"]},{"name":"SAMPLE_RATE_32000","description":null,"location":"shazamkit/com.shazam.shazamkit/-audio-sample-rate-in-hz/-s-a-m-p-l-e_-r-a-t-e_32000/index.html","searchKeys":["SAMPLE_RATE_32000"]},{"name":"SAMPLE_RATE_44100","description":null,"location":"shazamkit/com.shazam.shazamkit/-audio-sample-rate-in-hz/-s-a-m-p-l-e_-r-a-t-e_44100/index.html","searchKeys":["SAMPLE_RATE_44100"]},{"name":"SAMPLE_RATE_48000","description":null,"location":"shazamkit/com.shazam.shazamkit/-audio-sample-rate-in-hz/-s-a-m-p-l-e_-r-a-t-e_48000/index.html","searchKeys":["SAMPLE_RATE_48000"]},{"name":"Catalog","description":null,"location":"shazamkit/com.shazam.shazamkit/-catalog/index.html","searchKeys":["Catalog"]},{"name":"CustomCatalog","description":null,"location":"shazamkit/com.shazam.shazamkit/-custom-catalog/index.html","searchKeys":["CustomCatalog"]},{"name":"DeveloperToken","description":null,"location":"shazamkit/com.shazam.shazamkit/-developer-token/index.html","searchKeys":["DeveloperToken"]},{"name":"DeveloperTokenProvider","description":null,"location":"shazamkit/com.shazam.shazamkit/-developer-token-provider/index.html","searchKeys":["DeveloperTokenProvider"]},{"name":"InternalError","description":null,"location":"shazamkit/com.shazam.shazamkit/-internal-error/index.html","searchKeys":["InternalError"]},{"name":"DEVICE_IO_ERROR","description":null,"location":"shazamkit/com.shazam.shazamkit/-internal-error/-d-e-v-i-c-e_-i-o_-e-r-r-o-r/index.html","searchKeys":["DEVICE_IO_ERROR"]},{"name":"ERROR_LOADING_SHAZAM_CORE","description":null,"location":"shazamkit/com.shazam.shazamkit/-internal-error/-e-r-r-o-r_-l-o-a-d-i-n-g_-s-h-a-z-a-m_-c-o-r-e/index.html","searchKeys":["ERROR_LOADING_SHAZAM_CORE"]},{"name":"OUT_OF_MEMORY","description":null,"location":"shazamkit/com.shazam.shazamkit/-internal-error/-o-u-t_-o-f_-m-e-m-o-r-y/index.html","searchKeys":["OUT_OF_MEMORY"]},{"name":"MatchedMediaItem","description":null,"location":"shazamkit/com.shazam.shazamkit/-matched-media-item/index.html","searchKeys":["MatchedMediaItem"]},{"name":"MatchError","description":null,"location":"shazamkit/com.shazam.shazamkit/-match-error/index.html","searchKeys":["MatchError"]},{"name":"INVALID_SIGNATURE","description":null,"location":"shazamkit/com.shazam.shazamkit/-match-error/-i-n-v-a-l-i-d_-s-i-g-n-a-t-u-r-e/index.html","searchKeys":["INVALID_SIGNATURE"]},{"name":"INVALID_SIGNATURE_DURATION","description":null,"location":"shazamkit/com.shazam.shazamkit/-match-error/-i-n-v-a-l-i-d_-s-i-g-n-a-t-u-r-e_-d-u-r-a-t-i-o-n/index.html","searchKeys":["INVALID_SIGNATURE_DURATION"]},{"name":"MATCH_ATTEMPT_FAILED","description":null,"location":"shazamkit/com.shazam.shazamkit/-match-error/-m-a-t-c-h_-a-t-t-e-m-p-t_-f-a-i-l-e-d/index.html","searchKeys":["MATCH_ATTEMPT_FAILED"]},{"name":"PROVIDED_EMPTY_AUDIO_DATA","description":null,"location":"shazamkit/com.shazam.shazamkit/-match-error/-p-r-o-v-i-d-e-d_-e-m-p-t-y_-a-u-d-i-o_-d-a-t-a/index.html","searchKeys":["PROVIDED_EMPTY_AUDIO_DATA"]},{"name":"UNAUTHORIZED","description":null,"location":"shazamkit/com.shazam.shazamkit/-match-error/-u-n-a-u-t-h-o-r-i-z-e-d/index.html","searchKeys":["UNAUTHORIZED"]},{"name":"MatchResult","description":null,"location":"shazamkit/com.shazam.shazamkit/-match-result/index.html","searchKeys":["MatchResult"]},{"name":"MediaItem","description":null,"location":"shazamkit/com.shazam.shazamkit/-media-item/index.html","searchKeys":["MediaItem"]},{"name":"Session","description":null,"location":"shazamkit/com.shazam.shazamkit/-session/index.html","searchKeys":["Session"]},{"name":"ShazamCatalog","description":null,"location":"shazamkit/com.shazam.shazamkit/-shazam-catalog/index.html","searchKeys":["ShazamCatalog"]},{"name":"ShazamKit","description":null,"location":"shazamkit/com.shazam.shazamkit/-shazam-kit/index.html","searchKeys":["ShazamKit"]},{"name":"ShazamKitException","description":null,"location":"shazamkit/com.shazam.shazamkit/-shazam-kit-exception/index.html","searchKeys":["ShazamKitException"]},{"name":"ShazamKitMatchException","description":null,"location":"shazamkit/com.shazam.shazamkit/-shazam-kit-match-exception/index.html","searchKeys":["ShazamKitMatchException"]},{"name":"ShazamKitResult","description":null,"location":"shazamkit/com.shazam.shazamkit/-shazam-kit-result/index.html","searchKeys":["ShazamKitResult"]},{"name":"Signature","description":null,"location":"shazamkit/com.shazam.shazamkit/-signature/index.html","searchKeys":["Signature"]},{"name":"SignatureGenerator","description":null,"location":"shazamkit/com.shazam.shazamkit/-signature-generator/index.html","searchKeys":["SignatureGenerator"]},{"name":"StreamingSession","description":null,"location":"shazamkit/com.shazam.shazamkit/-streaming-session/index.html","searchKeys":["StreamingSession"]}]
